[{"id":4,"name":"Cookie - Oatmeal","quantity":130,"code_value":"M7157","is_published":false,"expiration":"28/01/2022","price":275.47},{"id":5,"name":"Flavouring Vanilla Artificial","quantity":336,"code_value":"S60152S","is_published":true,"expiration":"10/02/2022","price":839.02},{"id":6,"name":"Cake - Lemon Chiffon","quantity":446,"code_value":"S51821A","is_published":true,"expiration":"06/04/2022","price":895.88},{"id":7,"name":"Melon - Honey Dew","quantity":165,"code_value":"S52381G","is_published":true,"expiration":"01/06/2021","price":622.33},{"id":8,"name":"Cut Wakame - Hanawakaba","quantity":413,"code_value":"S93511","is_published":true,"expiration":"22/12/2021","price":480.54},{"id":9,"name":"Apple - Delicious, Golden","quantity":225,"code_value":"S73046D","is_published":true,"expiration":"02/04/2021","price":976.27},{"id":10,"name":"Soup Bowl Clear 8oz92008","quantity":424,"code_value":"B180","is_published":false,"expiration":"18/10/2021","price":92.8},{"id":11,"name":"Sugar - Splenda Sweetener","quantity":318,"code_value":"Y219","is_published":true,"expiration":"06/07/2021","price":28.98},{"id":12,"name":"Pork - Loin, Center Cut","quantity":298,"code_value":"V9603XA","is_published":true,"expiration":"16/09/2021","price":224.34},{"id":13,"name":"Cheese - Brick With Onion","quantity":87,"code_value":"A282","is_published":false,"expiration":"17/03/2021","price":74.58},{"id":14,"name":"Rabbit - Saddles","quantity":251,"code_value":"S4290XS","is_published":false,"expiration":"04/11/2021","price":420.45},{"id":15,"name":"Puff Pastry - Sheets","quantity":266,"code_value":"T529","is_published":false,"expiration":"30/07/2021","price":49.29},{"id":16,"name":"Coconut - Whole","quantity":416,"code_value":"H1041","is_published":true,"expiration":"18/05/2021","price":21.21},{"id":17,"name":"Bread - Petit Baguette","quantity":43,"code_value":"R68","is_published":true,"expiration":"10/03/2022","price":669.3},{"id":18,"name":"Teriyaki Sauce","quantity":354,"code_value":"S93503","is_published":true,"expiration":"19/05/2021","price":908.18},{"id":19,"name":"Yoplait - Strawbrasp Peac","quantity":45,"code_value":"I8311","is_published":true,"expiration":"01/08/2021","price":578.76},{"id":20,"name":"Carrots - Jumbo","quantity":266,"code_value":"S66902D","is_published":true,"expiration":"22/10/2021","price":300.54},{"id":21,"name":"Ecolab Crystal Fusion","quantity":133,"code_value":"S31834","is_published":false,"expiration":"14/04/2022","price":939.8},{"id":22,"name":"Lemon Pepper","quantity":424,"code_value":"S53106A","is_published":true,"expiration":"18/03/2022","price":514.42},{"id":23,"name":"Phyllo Dough","quantity":39,"code_value":"S7001XD","is_published":false,"expiration":"07/07/2021","price":241.86},{"id":24,"name":"Pesto - Primerba, Paste","quantity":85,"code_value":"S62341D","is_published":true,"expiration":"19/10/2021","price":961.55},{"id":25,"name":"Tray - 12in Rnd Blk","quantity":488,"code_value":"S56001D","is_published":false,"expiration":"17/12/2021","price":138.2},{"id":26,"name":"Chicken - Whole","quantity":24,"code_value":"O9823","is_published":true,"expiration":"30/12/2021","price":141.4},{"id":27,"name":"Sprouts - Alfalfa","quantity":231,"code_value":"Z9229","is_published":false,"expiration":"17/04/2022","price":349.81},{"id":28,"name":"Scallop - St. Jaques","quantity":200,"code_value":"C163","is_published":false,"expiration":"23/10/2021","price":641.66},{"id":29,"name":"Pork - Kidney","quantity":171,"code_value":"T618X4S","is_published":false,"expiration":"05/12/2021","price":550.09},{"id":30,"name":"Wine - Alsace Gewurztraminer","quantity":147,"code_value":"N99511","is_published":false,"expiration":"08/07/2021","price":853.81},{"id":31,"name":"Lamb - Bones","quantity":342,"code_value":"S150","is_published":true,"expiration":"10/04/2021","price":872.34},{"id":32,"name":"Nutmeg - Ground","quantity":301,"code_value":"M7097","is_published":true,"expiration":"18/04/2022","price":750.14},{"id":33,"name":"Bread - Rolls, Rye","quantity":229,"code_value":"T7802XS","is_published":true,"expiration":"16/04/2022","price":909.61},{"id":34,"name":"Cheese - Camembert","quantity":481,"code_value":"Q058","is_published":true,"expiration":"29/01/2022","price":416.98},{"id":35,"name":"Beer - Labatt Blue","quantity":48,"code_value":"T24292D","is_published":false,"expiration":"27/08/2021","price":142.21},{"id":36,"name":"Bouillion - Fish","quantity":18,"code_value":"T80410D","is_published":false,"expiration":"12/08/2021","price":302.83},{"id":37,"name":"Ham - Cooked","quantity":468,"code_value":"S60949","is_published":false,"expiration":"20/03/2021","price":345.69},{"id":38,"name":"Petite Baguette","quantity":260,"code_value":"S93149A","is_published":false,"expiration":"28/03/2022","price":269.35},{"id":39,"name":"Cake Sheet Combo Party Pack","quantity":342,"code_value":"I7581","is_published":true,"expiration":"09/06/2021","price":692.72},{"id":40,"name":"Pop - Club Soda Can","quantity":408,"code_value":"V552XXD","is_published":false,"expiration":"04/08/2021","price":630.1},{"id":41,"name":"Bread - 10 Grain Parisian","quantity":130,"code_value":"S52342J","is_published":true,"expiration":"24/10/2021","price":857.81},{"id":42,"name":"Sour Puss Sour Apple","quantity":198,"code_value":"V360","is_published":true,"expiration":"03/08/2021","price":178.59},{"id":43,"name":"Turkey Leg With Drum And Thigh","quantity":493,"code_value":"N905","is_published":false,"expiration":"18/04/2021","price":204.99},{"id":44,"name":"Scallops - Live In Shell","quantity":244,"code_value":"S66221D","is_published":false,"expiration":"14/12/2021","price":294.97},{"id":45,"name":"Wine - Port Late Bottled Vintage","quantity":144,"code_value":"F13950","is_published":true,"expiration":"23/03/2021","price":480.68},{"id":46,"name":"Lamb - Leg, Diced","quantity":40,"code_value":"S9351","is_published":false,"expiration":"14/02/2022","price":380.83},{"id":47,"name":"Lobster - Live","quantity":26,"code_value":"M84571K","is_published":false,"expiration":"23/05/2021","price":280.14},{"id":48,"name":"Scotch - Queen Anne","quantity":335,"code_value":"D563","is_published":false,"expiration":"19/12/2021","price":180.08},{"id":49,"name":"Cranberries - Fresh","quantity":352,"code_value":"S04012S","is_published":false,"expiration":"19/01/2022","price":726.38},{"id":50,"name":"Ham - Cooked","quantity":78,"code_value":"S00451A","is_published":false,"expiration":"27/01/2022","price":403.22},{"id":51,"name":"Coffee - Irish Cream","quantity":71,"code_value":"S56119D","is_published":true,"expiration":"05/12/2021","price":534.59},{"id":52,"name":"Zucchini - Mini, Green","quantity":389,"code_value":"T535X3D","is_published":false,"expiration":"09/02/2022","price":836.57},{"id":53,"name":"Kiwano","quantity":187,"code_value":"S92142B","is_published":false,"expiration":"15/04/2022","price":650.29},{"id":54,"name":"Wine - Red, Cooking","quantity":284,"code_value":"S62329G","is_published":true,"expiration":"23/06/2021","price":27.6},{"id":55,"name":"Beer - Camerons Cream Ale","quantity":61,"code_value":"T23149D","is_published":true,"expiration":"20/06/2021","price":501.71},{"id":56,"name":"Bread - Pullman, Sliced","quantity":451,"code_value":"M61059","is_published":true,"expiration":"06/02/2022","price":510.55},{"id":57,"name":"V8 - Vegetable Cocktail","quantity":25,"code_value":"S82455A","is_published":false,"expiration":"13/03/2022","price":547.97},{"id":58,"name":"Pasta - Cannelloni, Sheets, Fresh","quantity":308,"code_value":"S42231P","is_published":true,"expiration":"01/05/2021","price":715.84},{"id":59,"name":"Soup - Clam Chowder, Dry Mix","quantity":462,"code_value":"R399","is_published":true,"expiration":"16/09/2021","price":516.68},{"id":60,"name":"Wine - Muscadet Sur Lie","quantity":138,"code_value":"D374","is_published":true,"expiration":"03/06/2021","price":773.06},{"id":61,"name":"Napkin - Beverage 1 Ply","quantity":134,"code_value":"S79012","is_published":true,"expiration":"21/04/2021","price":439.6},{"id":62,"name":"Sauce - Salsa","quantity":145,"code_value":"T84122S","is_published":true,"expiration":"15/04/2021","price":554.37},{"id":63,"name":"Barramundi","quantity":307,"code_value":"T25139D","is_published":true,"expiration":"23/03/2022","price":181.61},{"id":64,"name":"Tomatoes - Cherry, Yellow","quantity":389,"code_value":"S15199","is_published":false,"expiration":"26/03/2021","price":146.07},{"id":65,"name":"Creme De Cacao Mcguines","quantity":344,"code_value":"S239","is_published":true,"expiration":"25/12/2021","price":567.79},{"id":66,"name":"Gherkin","quantity":232,"code_value":"F1210","is_published":true,"expiration":"29/12/2021","price":497.74},{"id":67,"name":"Scampi Tail","quantity":59,"code_value":"S06374A","is_published":true,"expiration":"08/08/2021","price":345.28},{"id":68,"name":"Cheese - Havarti, Roasted Garlic","quantity":361,"code_value":"S52255S","is_published":false,"expiration":"27/10/2021","price":893.18},{"id":69,"name":"Cheese - St. Andre","quantity":271,"code_value":"N3041","is_published":true,"expiration":"08/01/2022","price":995.77},{"id":70,"name":"Chilli Paste, Sambal Oelek","quantity":127,"code_value":"S66119","is_published":false,"expiration":"27/03/2021","price":827.69},{"id":71,"name":"Bar Mix - Pina Colada, 355 Ml","quantity":358,"code_value":"N812","is_published":false,"expiration":"22/12/2021","price":292.95},{"id":72,"name":"Wine - Chianti Classico Riserva","quantity":458,"code_value":"S60371D","is_published":false,"expiration":"24/03/2021","price":635.94},{"id":73,"name":"Towel Dispenser","quantity":73,"code_value":"H10222","is_published":false,"expiration":"20/12/2021","price":386.37},{"id":74,"name":"Bacardi Mojito","quantity":128,"code_value":"S24153D","is_published":false,"expiration":"28/03/2022","price":651.47},{"id":75,"name":"Wine - Wyndham Estate Bin 777","quantity":275,"code_value":"S62627D","is_published":false,"expiration":"01/04/2022","price":844.59},{"id":76,"name":"Yogurt - Assorted Pack","quantity":156,"code_value":"S92532A","is_published":true,"expiration":"29/03/2021","price":184.96},{"id":77,"name":"Buffalo - Striploin","quantity":484,"code_value":"T25229D","is_published":true,"expiration":"10/05/2022","price":466.12},{"id":78,"name":"Pail For Lid 1537","quantity":497,"code_value":"C6951","is_published":false,"expiration":"11/11/2021","price":505.33},{"id":79,"name":"Brocolinni - Gaylan, Chinese","quantity":304,"code_value":"H73003","is_published":false,"expiration":"26/03/2021","price":702.68},{"id":80,"name":"Table Cloth 54x54 White","quantity":182,"code_value":"S52044G","is_published":false,"expiration":"11/08/2021","price":324.89},{"id":81,"name":"Pie Filling - Apple","quantity":279,"code_value":"S4291XP","is_published":false,"expiration":"25/05/2021","price":51.99},{"id":82,"name":"Spice - Pepper Portions","quantity":204,"code_value":"S76892S","is_published":false,"expiration":"08/09/2021","price":697.39},{"id":83,"name":"Ketchup - Tomato","quantity":395,"code_value":"S40251S","is_published":false,"expiration":"15/07/2021","price":53.5},{"id":84,"name":"Wine - Ruffino Chianti","quantity":65,"code_value":"S89142D","is_published":true,"expiration":"11/07/2021","price":475.31},{"id":85,"name":"Icecream - Dstk Cml And Fdg","quantity":25,"code_value":"T41201S","is_published":true,"expiration":"11/04/2022","price":767.35},{"id":86,"name":"Pepper - Red Thai","quantity":251,"code_value":"L100","is_published":true,"expiration":"25/06/2021","price":394.39},{"id":87,"name":"Beans - Kidney, Red Dry","quantity":175,"code_value":"S73122D","is_published":true,"expiration":"10/07/2021","price":711.53},{"id":88,"name":"Wine - White, Lindemans Bin 95","quantity":250,"code_value":"P131","is_published":true,"expiration":"02/11/2021","price":992.9},{"id":89,"name":"Bread - Raisin Walnut Oval","quantity":242,"code_value":"T433X2A","is_published":true,"expiration":"27/07/2021","price":787.32},{"id":90,"name":"Cheese - Parmigiano Reggiano","quantity":15,"code_value":"S52109K","is_published":true,"expiration":"07/05/2022","price":637.18},{"id":91,"name":"Tart Shells - Savory, 3","quantity":332,"code_value":"T382X4A","is_published":true,"expiration":"20/10/2021","price":982.95},{"id":92,"name":"Bread - Sour Sticks With Onion","quantity":308,"code_value":"S59201G","is_published":true,"expiration":"20/02/2022","price":623.08},{"id":93,"name":"Cucumber - English","quantity":106,"code_value":"S92301A","is_published":true,"expiration":"27/07/2021","price":944.43},{"id":94,"name":"Onions - Red Pearl","quantity":85,"code_value":"S32412S","is_published":false,"expiration":"06/01/2022","price":640.95},{"id":95,"name":"Sole - Dover, Whole, Fresh","quantity":90,"code_value":"S72392","is_published":false,"expiration":"12/12/2021","price":196.64},{"id":96,"name":"Soup - Campbells Asian Noodle","quantity":140,"code_value":"S72134D","is_published":true,"expiration":"23/04/2021","price":365.87},{"id":97,"name":"Tarragon - Fresh","quantity":282,"code_value":"T394X1D","is_published":true,"expiration":"29/04/2022","price":727.7},{"id":98,"name":"Wine - Fontanafredda Barolo","quantity":24,"code_value":"S25802S","is_published":false,"expiration":"20/12/2021","price":112.29},{"id":99,"name":"Asparagus - Mexican","quantity":154,"code_value":"S89121","is_published":true,"expiration":"29/05/2021","price":336.14},{"id":100,"name":"Wine - Fat Bastard Merlot","quantity":69,"code_value":"V9224XS","is_published":false,"expiration":"22/04/2021","price":845.8},{"id":101,"name":"Sauce - Apple, Unsweetened","quantity":106,"code_value":"S52255Q","is_published":false,"expiration":"21/09/2021","price":137.91},{"id":102,"name":"Sardines","quantity":273,"code_value":"S32119B","is_published":false,"expiration":"22/02/2022","price":583.13},{"id":103,"name":"Nut - Peanut, Roasted","quantity":129,"code_value":"H04532","is_published":true,"expiration":"09/04/2022","price":300.59},{"id":104,"name":"Cake - Cake Sheet Macaroon","quantity":486,"code_value":"A562","is_published":true,"expiration":"06/01/2022","price":755.62},{"id":105,"name":"Soup - Campbells Tomato Ravioli","quantity":72,"code_value":"N3643","is_published":false,"expiration":"20/04/2021","price":207.75},{"id":106,"name":"Muffin - Mix - Mango Sour Cherry","quantity":411,"code_value":"E08351","is_published":true,"expiration":"07/10/2021","price":881.65},{"id":107,"name":"Butter Sweet","quantity":171,"code_value":"S82042H","is_published":true,"expiration":"27/03/2021","price":191.83},{"id":108,"name":"Lettuce Romaine Chopped","quantity":446,"code_value":"M2575","is_published":false,"expiration":"18/09/2021","price":908.07},{"id":109,"name":"Trueblue - Blueberry","quantity":133,"code_value":"T431X3","is_published":false,"expiration":"13/05/2022","price":303.15},{"id":110,"name":"Yogurt - Banana, 175 Gr","quantity":438,"code_value":"I458","is_published":true,"expiration":"18/10/2021","price":931.49},{"id":111,"name":"Vodka - Lemon, Absolut","quantity":48,"code_value":"S82456K","is_published":false,"expiration":"13/05/2021","price":212.94},{"id":112,"name":"Arctic Char - Fresh, Whole","quantity":311,"code_value":"T3695XS","is_published":false,"expiration":"05/08/2021","price":650.19},{"id":113,"name":"Rum - Mount Gay Eclipes","quantity":462,"code_value":"T445","is_published":false,"expiration":"13/08/2021","price":373.34},{"id":114,"name":"Lemonade - Black Cherry, 591 Ml","quantity":102,"code_value":"I82539","is_published":false,"expiration":"01/06/2021","price":920.79},{"id":115,"name":"Chilli Paste, Sambal Oelek","quantity":325,"code_value":"S240XXS","is_published":true,"expiration":"22/07/2021","price":450.37},{"id":116,"name":"Truffle Cups - White Paper","quantity":157,"code_value":"H21532","is_published":false,"expiration":"17/04/2021","price":588.55},{"id":117,"name":"Red Currant Jelly","quantity":349,"code_value":"H1803","is_published":true,"expiration":"29/04/2022","price":620.03},{"id":118,"name":"Milk 2% 500 Ml","quantity":149,"code_value":"S12530","is_published":true,"expiration":"13/05/2021","price":852.55},{"id":119,"name":"Ecolab Digiclean Mild Fm","quantity":295,"code_value":"S99212D","is_published":true,"expiration":"19/05/2021","price":179.38},{"id":120,"name":"Assorted Desserts","quantity":308,"code_value":"T2262","is_published":true,"expiration":"14/10/2021","price":959.71},{"id":121,"name":"Dooleys Toffee","quantity":141,"code_value":"T188","is_published":false,"expiration":"09/05/2022","price":396.68},{"id":122,"name":"Extract - Lemon","quantity":236,"code_value":"V312XXS","is_published":true,"expiration":"01/01/2022","price":161.05},{"id":123,"name":"Tuna - Fresh","quantity":21,"code_value":"H10819","is_published":true,"expiration":"04/05/2022","price":232.92},{"id":124,"name":"Beef - Top Sirloin - Aaa","quantity":123,"code_value":"V390","is_published":false,"expiration":"06/04/2022","price":729.95},{"id":125,"name":"Sauce - Hp","quantity":303,"code_value":"M71549","is_published":false,"expiration":"19/01/2022","price":535.32},{"id":126,"name":"Venison - Liver","quantity":329,"code_value":"O353XX3","is_published":false,"expiration":"17/03/2021","price":225.83},{"id":127,"name":"Buffalo - Striploin","quantity":164,"code_value":"S80251","is_published":true,"expiration":"10/05/2021","price":880.88},{"id":128,"name":"Cheese - Woolwich Goat, Log","quantity":329,"code_value":"S52599P","is_published":true,"expiration":"21/11/2021","price":702.51},{"id":129,"name":"Melon - Watermelon Yellow","quantity":267,"code_value":"S82016G","is_published":true,"expiration":"29/04/2021","price":622.29},{"id":130,"name":"Lamb Leg - Bone - In Nz","quantity":222,"code_value":"G4701","is_published":false,"expiration":"28/04/2021","price":492.81},{"id":131,"name":"Amarula Cream","quantity":192,"code_value":"H4000","is_published":true,"expiration":"19/10/2021","price":183.78},{"id":132,"name":"Pastry - Choclate Baked","quantity":208,"code_value":"S63269S","is_published":true,"expiration":"26/01/2022","price":30.45},{"id":133,"name":"Bread - Hot Dog Buns","quantity":432,"code_value":"S52246Q","is_published":true,"expiration":"02/04/2021","price":774.76},{"id":134,"name":"Chicken - Whole Roasting","quantity":168,"code_value":"T1510XD","is_published":false,"expiration":"26/08/2021","price":482.76},{"id":135,"name":"Containter - 3oz Microwave Rect.","quantity":44,"code_value":"S20169S","is_published":true,"expiration":"22/08/2021","price":36.89},{"id":136,"name":"Crackers - Soda / Saltins","quantity":225,"code_value":"C8231","is_published":true,"expiration":"11/11/2021","price":149.04},{"id":137,"name":"Sweet Pea Sprouts","quantity":85,"code_value":"S14141","is_published":false,"expiration":"05/08/2021","price":237.19},{"id":138,"name":"Juice - Orange 1.89l","quantity":237,"code_value":"Q6689","is_published":true,"expiration":"01/07/2021","price":474.87},{"id":139,"name":"Wine - Shiraz Wolf Blass Premium","quantity":241,"code_value":"S72099N","is_published":true,"expiration":"07/10/2021","price":51.22},{"id":140,"name":"Gatorade - Xfactor Berry","quantity":478,"code_value":"B658","is_published":true,"expiration":"11/03/2022","price":209.05},{"id":141,"name":"Appetizer - Asian Shrimp Roll","quantity":116,"code_value":"S52279P","is_published":true,"expiration":"07/07/2021","price":347.16},{"id":142,"name":"Wine - Gewurztraminer Pierre","quantity":359,"code_value":"S43004A","is_published":true,"expiration":"10/03/2022","price":340.12},{"id":143,"name":"Sponge Cake Mix - Chocolate","quantity":152,"code_value":"W2102XA","is_published":true,"expiration":"26/09/2021","price":751.11},{"id":144,"name":"Cheese - Brie, Triple Creme","quantity":58,"code_value":"M84550A","is_published":false,"expiration":"07/04/2021","price":881.49},{"id":145,"name":"Juice - Ocean Spray Kiwi","quantity":324,"code_value":"T41206S","is_published":true,"expiration":"14/04/2021","price":965.61},{"id":146,"name":"Turnip - White","quantity":95,"code_value":"T23642D","is_published":false,"expiration":"28/12/2021","price":109.32},{"id":147,"name":"Ice Cream - Turtles Stick Bar","quantity":342,"code_value":"T85328","is_published":false,"expiration":"22/10/2021","price":710.84},{"id":148,"name":"Pork Salted Bellies","quantity":418,"code_value":"S89222A","is_published":true,"expiration":"10/04/2021","price":685.46},{"id":149,"name":"Wine - Alsace Riesling Reserve","quantity":476,"code_value":"V4959XA","is_published":true,"expiration":"27/09/2021","price":48.82},{"id":150,"name":"Initation Crab Meat","quantity":216,"code_value":"S73102S","is_published":false,"expiration":"04/01/2022","price":540.29},{"id":151,"name":"Oil - Peanut","quantity":55,"code_value":"O368923","is_published":true,"expiration":"12/10/2021","price":512.14},{"id":152,"name":"Triple Sec - Mcguinness","quantity":253,"code_value":"M00029","is_published":false,"expiration":"15/01/2022","price":163.66},{"id":153,"name":"Madeira","quantity":189,"code_value":"S72343","is_published":true,"expiration":"08/04/2022","price":606.12},{"id":154,"name":"Pastry - Mini French Pastries","quantity":278,"code_value":"R064","is_published":true,"expiration":"28/07/2021","price":155.52},{"id":155,"name":"Garam Masala Powder","quantity":430,"code_value":"C384","is_published":false,"expiration":"14/05/2021","price":910.31},{"id":156,"name":"Muffin - Mix - Creme Brule 15l","quantity":267,"code_value":"S3981","is_published":true,"expiration":"04/02/2022","price":124.95},{"id":157,"name":"Beets","quantity":337,"code_value":"M93241","is_published":false,"expiration":"24/05/2021","price":617.32},{"id":158,"name":"Spinach - Baby","quantity":251,"code_value":"S071XXS","is_published":false,"expiration":"07/09/2021","price":344.43},{"id":159,"name":"Wine - Wyndham Estate Bin 777","quantity":44,"code_value":"S32008K","is_published":true,"expiration":"07/05/2021","price":192.1},{"id":160,"name":"Juice - Propel Sport","quantity":223,"code_value":"I82413","is_published":false,"expiration":"22/04/2022","price":715.84},{"id":161,"name":"Soup - Campbells Asian Noodle","quantity":492,"code_value":"V249XXD","is_published":true,"expiration":"10/05/2021","price":511.44},{"id":162,"name":"Hot Choc Vending","quantity":421,"code_value":"S5292XC","is_published":true,"expiration":"12/05/2021","price":210.69},{"id":163,"name":"Durian Fruit","quantity":494,"code_value":"S63091A","is_published":true,"expiration":"07/05/2021","price":219.46},{"id":164,"name":"Bread Base - Toscano","quantity":64,"code_value":"T81520A","is_published":true,"expiration":"15/11/2021","price":968.61},{"id":165,"name":"Cookies - Fortune","quantity":206,"code_value":"S62301K","is_published":true,"expiration":"19/11/2021","price":148.83},{"id":166,"name":"Fruit Mix - Light","quantity":299,"code_value":"E083523","is_published":false,"expiration":"24/11/2021","price":539.69},{"id":167,"name":"Apple - Northern Spy","quantity":285,"code_value":"S70229A","is_published":false,"expiration":"28/03/2021","price":283.91},{"id":168,"name":"Flower - Commercial Bronze","quantity":171,"code_value":"S32130K","is_published":false,"expiration":"15/03/2022","price":294.31},{"id":169,"name":"Sea Urchin","quantity":337,"code_value":"H353210","is_published":true,"expiration":"14/10/2021","price":833.91},{"id":170,"name":"Wine - White, Riesling, Semi - Dry","quantity":215,"code_value":"K08412","is_published":false,"expiration":"03/04/2022","price":466.47},{"id":171,"name":"Pepper - White, Whole","quantity":355,"code_value":"S92233K","is_published":true,"expiration":"09/06/2021","price":321.05},{"id":172,"name":"Grapes - Green","quantity":216,"code_value":"Y37191D","is_published":true,"expiration":"29/06/2021","price":558.2},{"id":173,"name":"Pastry - Plain Baked Croissant","quantity":275,"code_value":"T461X1S","is_published":false,"expiration":"22/08/2021","price":977.62},{"id":174,"name":"Wine - Bouchard La Vignee Pinot","quantity":478,"code_value":"T594X2S","is_published":false,"expiration":"10/11/2021","price":696.09},{"id":175,"name":"Butter Ripple - Phillips","quantity":186,"code_value":"S59221D","is_published":false,"expiration":"03/10/2021","price":990.52},{"id":176,"name":"Lettuce - Sea / Sea Asparagus","quantity":124,"code_value":"T82391D","is_published":true,"expiration":"19/11/2021","price":320.73},{"id":177,"name":"Bread - Dark Rye","quantity":416,"code_value":"S62526K","is_published":true,"expiration":"28/05/2021","price":644.06},{"id":178,"name":"Triple Sec - Mcguinness","quantity":33,"code_value":"S4510","is_published":false,"expiration":"07/11/2021","price":206.09},{"id":179,"name":"Kahlua","quantity":166,"code_value":"S63290D","is_published":true,"expiration":"22/10/2021","price":402.71},{"id":180,"name":"Peas - Pigeon, Dry","quantity":332,"code_value":"S199XXA","is_published":true,"expiration":"08/07/2021","price":568},{"id":181,"name":"Island Oasis - Mango Daiquiri","quantity":34,"code_value":"S56118","is_published":false,"expiration":"09/02/2022","price":275.81},{"id":182,"name":"Sprouts - Alfalfa","quantity":481,"code_value":"S61307","is_published":true,"expiration":"24/01/2022","price":388.02},{"id":183,"name":"Wine - Malbec Trapiche Reserve","quantity":145,"code_value":"S43202A","is_published":true,"expiration":"12/07/2021","price":803.17},{"id":184,"name":"Placemat - Scallop, White","quantity":372,"code_value":"S73111D","is_published":true,"expiration":"11/04/2022","price":754.26},{"id":185,"name":"Cheese - Mix","quantity":329,"code_value":"S20311A","is_published":false,"expiration":"26/10/2021","price":685.01},{"id":186,"name":"Pepper - Green Thai","quantity":451,"code_value":"F4023","is_published":true,"expiration":"05/08/2021","price":843.98},{"id":187,"name":"Yogurt - Strawberry, 175 Gr","quantity":162,"code_value":"S83202S","is_published":true,"expiration":"26/02/2022","price":171.14},{"id":188,"name":"Salmon Atl.whole 8 - 10 Lb","quantity":491,"code_value":"S73191A","is_published":true,"expiration":"15/04/2021","price":681.97},{"id":189,"name":"Cocoa Powder - Natural","quantity":216,"code_value":"S066X2A","is_published":false,"expiration":"09/05/2021","price":846.84},{"id":190,"name":"Mustard - Dry, Powder","quantity":111,"code_value":"O65","is_published":false,"expiration":"25/08/2021","price":518.59},{"id":191,"name":"Wine - Chianti Classica Docg","quantity":235,"code_value":"S60458A","is_published":false,"expiration":"19/05/2021","price":614.32},{"id":192,"name":"Calypso - Strawberry Lemonade","quantity":293,"code_value":"R261","is_published":true,"expiration":"20/05/2021","price":556.52},{"id":193,"name":"Chives - Fresh","quantity":81,"code_value":"T413X3S","is_published":false,"expiration":"08/08/2021","price":226.21},{"id":194,"name":"Doilies - 12, Paper","quantity":93,"code_value":"A9230","is_published":false,"expiration":"22/04/2021","price":704.49},{"id":195,"name":"Soup - Campbells Beef Stew","quantity":156,"code_value":"B082","is_published":false,"expiration":"18/05/2021","price":958.44},{"id":196,"name":"Oil - Shortening - All - Purpose","quantity":260,"code_value":"S23100D","is_published":false,"expiration":"15/08/2021","price":636.13},{"id":197,"name":"Skirt - 24 Foot","quantity":101,"code_value":"T593X1D","is_published":false,"expiration":"01/08/2021","price":875.03},{"id":198,"name":"Fish - Halibut, Cold Smoked","quantity":206,"code_value":"T5292","is_published":false,"expiration":"17/11/2021","price":80.73},{"id":199,"name":"Venison - Striploin","quantity":46,"code_value":"X9502","is_published":false,"expiration":"29/04/2021","price":283.53},{"id":200,"name":"Veal - Liver","quantity":250,"code_value":"S76222A","is_published":false,"expiration":"14/05/2021","price":636.76},{"id":201,"name":"Wanton Wrap","quantity":417,"code_value":"S63610","is_published":false,"expiration":"03/04/2022","price":745.83},{"id":202,"name":"Mousse - Mango","quantity":425,"code_value":"T500X5A","is_published":false,"expiration":"07/02/2022","price":184.77},{"id":203,"name":"Tart - Raisin And Pecan","quantity":276,"code_value":"D3161","is_published":true,"expiration":"25/07/2021","price":184.16},{"id":204,"name":"Emulsifier","quantity":130,"code_value":"T3996XA","is_published":true,"expiration":"21/07/2021","price":776.95},{"id":205,"name":"Steel Wool S.o.s","quantity":226,"code_value":"M868X1","is_published":false,"expiration":"10/06/2021","price":513.63},{"id":206,"name":"Pea - Snow","quantity":165,"code_value":"S52609S","is_published":true,"expiration":"27/04/2021","price":268.85},{"id":207,"name":"Wine - Red, Gamay Noir","quantity":425,"code_value":"S86212S","is_published":false,"expiration":"05/09/2021","price":725.87},{"id":208,"name":"Stock - Chicken, White","quantity":361,"code_value":"O99612","is_published":false,"expiration":"27/10/2021","price":458.47},{"id":209,"name":"Fudge - Chocolate Fudge","quantity":107,"code_value":"M84531K","is_published":false,"expiration":"01/11/2021","price":812.24},{"id":210,"name":"Coffee - 10oz Cup 92961","quantity":78,"code_value":"A5059","is_published":true,"expiration":"17/01/2022","price":942.7},{"id":211,"name":"Bananas","quantity":271,"code_value":"S72345B","is_published":false,"expiration":"20/03/2022","price":137.27},{"id":212,"name":"Oven Mitts 17 Inch","quantity":261,"code_value":"T438X1A","is_published":true,"expiration":"26/08/2021","price":451.28},{"id":213,"name":"Ice Cream Bar - Hageen Daz To","quantity":240,"code_value":"M23322","is_published":true,"expiration":"08/07/2021","price":967.76},{"id":214,"name":"Soap - Mr.clean Floor Soap","quantity":285,"code_value":"T468X1A","is_published":false,"expiration":"11/07/2021","price":262.19},{"id":215,"name":"Onions - Vidalia","quantity":359,"code_value":"V9381XA","is_published":true,"expiration":"25/03/2022","price":347.01},{"id":216,"name":"Clams - Bay","quantity":93,"code_value":"Q6530","is_published":true,"expiration":"01/07/2021","price":50.45},{"id":217,"name":"Cheese - Brick With Pepper","quantity":344,"code_value":"S6689","is_published":false,"expiration":"24/03/2022","price":466.1},{"id":218,"name":"Bread - Onion Focaccia","quantity":186,"code_value":"S8990","is_published":true,"expiration":"27/10/2021","price":408.84},{"id":219,"name":"Kaffir Lime Leaves","quantity":312,"code_value":"S72146P","is_published":false,"expiration":"04/09/2021","price":646.93},{"id":220,"name":"Pepper - Chili Powder","quantity":364,"code_value":"L0321","is_published":false,"expiration":"06/02/2022","price":204.57},{"id":221,"name":"Wine - Riesling Alsace Ac 2001","quantity":72,"code_value":"Q44","is_published":true,"expiration":"24/08/2021","price":801.24},{"id":222,"name":"Cheese - St. Andre","quantity":361,"code_value":"S09399D","is_published":true,"expiration":"12/12/2021","price":146.3},{"id":223,"name":"Wine - German Riesling","quantity":119,"code_value":"S070","is_published":false,"expiration":"24/12/2021","price":986.55},{"id":224,"name":"Garbage Bag - Clear","quantity":463,"code_value":"O09A0","is_published":false,"expiration":"27/08/2021","price":153.53},{"id":225,"name":"Shrimp - Black Tiger 6 - 8","quantity":93,"code_value":"H44749","is_published":false,"expiration":"19/03/2021","price":430.06},{"id":226,"name":"Nescafe - Frothy French Vanilla","quantity":118,"code_value":"F5222","is_published":true,"expiration":"18/04/2021","price":840.5},{"id":227,"name":"Melon - Watermelon, Seedless","quantity":101,"code_value":"S72352B","is_published":true,"expiration":"27/02/2022","price":164.05},{"id":228,"name":"Peppercorns - Green","quantity":55,"code_value":"M9201","is_published":false,"expiration":"17/09/2021","price":482.63},{"id":229,"name":"Pasta - Orecchiette","quantity":100,"code_value":"S76919D","is_published":false,"expiration":"24/04/2022","price":386.39},{"id":230,"name":"Carbonated Water - Blackberry","quantity":351,"code_value":"Y30","is_published":false,"expiration":"03/05/2022","price":990.4},{"id":231,"name":"Food Colouring - Pink","quantity":37,"code_value":"I69162","is_published":true,"expiration":"14/02/2022","price":175.79},{"id":232,"name":"Chevril","quantity":457,"code_value":"E5111","is_published":true,"expiration":"04/09/2021","price":42.74},{"id":233,"name":"Halibut - Fletches","quantity":422,"code_value":"N8352","is_published":false,"expiration":"23/03/2022","price":579.21},{"id":234,"name":"Kellogs Raisan Bran Bars","quantity":85,"code_value":"S72365E","is_published":true,"expiration":"14/11/2021","price":160.44},{"id":235,"name":"Compound - Strawberry","quantity":265,"code_value":"I69843","is_published":false,"expiration":"25/11/2021","price":676.86},{"id":236,"name":"Turnip - Wax","quantity":30,"code_value":"I87332","is_published":false,"expiration":"13/04/2021","price":476.17},{"id":237,"name":"Bols Melon Liqueur","quantity":459,"code_value":"M41116","is_published":true,"expiration":"06/09/2021","price":878.75},{"id":238,"name":"Bread - Bagels, Mini","quantity":488,"code_value":"V521XXS","is_published":false,"expiration":"01/05/2021","price":230.45},{"id":239,"name":"Wine - Dubouef Macon - Villages","quantity":199,"code_value":"O9903","is_published":false,"expiration":"30/04/2022","price":121.14},{"id":240,"name":"Chilli Paste, Sambal Oelek","quantity":297,"code_value":"S72063H","is_published":false,"expiration":"30/03/2022","price":573.16},{"id":241,"name":"Shrimp - 16/20, Iqf, Shell On","quantity":422,"code_value":"Y9262","is_published":false,"expiration":"25/04/2022","price":212.73},{"id":242,"name":"Sobe - Tropical Energy","quantity":379,"code_value":"T50Z11S","is_published":false,"expiration":"22/04/2021","price":945.48},{"id":243,"name":"Gherkin - Sour","quantity":273,"code_value":"S82442J","is_published":true,"expiration":"23/01/2022","price":815.54},{"id":244,"name":"Longos - Grilled Chicken With","quantity":86,"code_value":"Y36420D","is_published":true,"expiration":"28/10/2021","price":185.29},{"id":245,"name":"Broom - Corn","quantity":125,"code_value":"S61519S","is_published":true,"expiration":"14/08/2021","price":579.04},{"id":246,"name":"Shrimp - Black Tiger 6 - 8","quantity":378,"code_value":"T63014A","is_published":false,"expiration":"19/01/2022","price":394.65},{"id":247,"name":"Rappini - Andy Boy","quantity":202,"code_value":"S66991","is_published":true,"expiration":"29/03/2021","price":535.09},{"id":248,"name":"Tamarillo","quantity":96,"code_value":"I70318","is_published":false,"expiration":"23/07/2021","price":119.78},{"id":249,"name":"Beer - Muskoka Cream Ale","quantity":34,"code_value":"S52302F","is_published":true,"expiration":"13/06/2021","price":471.72},{"id":250,"name":"Cinnamon Rolls","quantity":254,"code_value":"S6721","is_published":false,"expiration":"21/12/2021","price":653.67},{"id":251,"name":"Bar Mix - Pina Colada, 355 Ml","quantity":27,"code_value":"S81012","is_published":true,"expiration":"26/07/2021","price":674.23},{"id":252,"name":"Lemonade - Pineapple Passion","quantity":250,"code_value":"S92066P","is_published":false,"expiration":"25/04/2021","price":704.95},{"id":253,"name":"Rabbit - Frozen","quantity":167,"code_value":"M12161","is_published":true,"expiration":"03/05/2022","price":888.28},{"id":254,"name":"Chocolate - Semi Sweet","quantity":368,"code_value":"S62152S","is_published":false,"expiration":"13/02/2022","price":52.24},{"id":255,"name":"Burger Veggie","quantity":410,"code_value":"S52354N","is_published":false,"expiration":"28/04/2022","price":955.48},{"id":256,"name":"Lettuce - Iceberg","quantity":95,"code_value":"S63611","is_published":false,"expiration":"30/03/2021","price":608.74},{"id":257,"name":"Sausage - Meat","quantity":187,"code_value":"T43596A","is_published":true,"expiration":"24/03/2022","price":388.12},{"id":258,"name":"Table Cloth 54x54 White","quantity":452,"code_value":"O4202","is_published":true,"expiration":"19/06/2021","price":836.57},{"id":259,"name":"Salmon Steak - Cohoe 6 Oz","quantity":152,"code_value":"I70735","is_published":false,"expiration":"24/01/2022","price":588.67},{"id":260,"name":"Scallops 60/80 Iqf","quantity":28,"code_value":"S02401D","is_published":true,"expiration":"06/01/2022","price":876.47},{"id":261,"name":"Lettuce - California Mix","quantity":470,"code_value":"Z6853","is_published":false,"expiration":"10/10/2021","price":106.45},{"id":262,"name":"Bar Mix - Lemon","quantity":345,"code_value":"O1492","is_published":false,"expiration":"01/03/2022","price":278.4},{"id":263,"name":"Jam - Blackberry, 20 Ml Jar","quantity":362,"code_value":"S63291","is_published":true,"expiration":"30/07/2021","price":356.66},{"id":264,"name":"Ice Cream Bar - Hageen Daz To","quantity":153,"code_value":"P399","is_published":false,"expiration":"14/09/2021","price":472.81},{"id":265,"name":"Bread - White Mini Epi","quantity":464,"code_value":"T381X4D","is_published":true,"expiration":"15/07/2021","price":225.08},{"id":266,"name":"Cream - 10%","quantity":143,"code_value":"A080","is_published":false,"expiration":"18/05/2021","price":990.44},{"id":267,"name":"Soup - Campbells, Chix Gumbo","quantity":361,"code_value":"S45809S","is_published":false,"expiration":"28/07/2021","price":275.49},{"id":268,"name":"Beef - Diced","quantity":383,"code_value":"M0684","is_published":false,"expiration":"11/06/2021","price":503.19},{"id":269,"name":"Puree - Mocha","quantity":377,"code_value":"M84669P","is_published":true,"expiration":"30/05/2021","price":986.44},{"id":270,"name":"Pork - Caul Fat","quantity":260,"code_value":"I69851","is_published":true,"expiration":"24/03/2021","price":549.92},{"id":271,"name":"Pepper - White, Ground","quantity":171,"code_value":"S89201D","is_published":true,"expiration":"21/11/2021","price":557.16},{"id":272,"name":"Water - San Pellegrino","quantity":247,"code_value":"S63496S","is_published":false,"expiration":"25/07/2021","price":903.47},{"id":273,"name":"Oil - Hazelnut","quantity":144,"code_value":"S42353K","is_published":true,"expiration":"20/12/2021","price":271.11},{"id":274,"name":"Pork - Chop, Frenched","quantity":101,"code_value":"T4120","is_published":true,"expiration":"30/07/2021","price":159.47},{"id":275,"name":"Sultanas","quantity":32,"code_value":"Z96669","is_published":false,"expiration":"09/04/2021","price":555.89},{"id":276,"name":"Flour - All Purpose","quantity":374,"code_value":"M4310","is_published":true,"expiration":"02/12/2021","price":876.81},{"id":277,"name":"Jam - Apricot","quantity":483,"code_value":"S60572A","is_published":true,"expiration":"04/02/2022","price":742.37},{"id":278,"name":"Chinese Foods - Pepper Beef","quantity":45,"code_value":"S62633G","is_published":false,"expiration":"09/11/2021","price":117.99},{"id":279,"name":"Blueberries - Frozen","quantity":32,"code_value":"L86","is_published":false,"expiration":"26/07/2021","price":329.32},{"id":280,"name":"Trout - Rainbow, Fresh","quantity":230,"code_value":"S82026J","is_published":true,"expiration":"21/06/2021","price":83.08},{"id":281,"name":"Star Fruit","quantity":105,"code_value":"S5980","is_published":false,"expiration":"18/06/2021","price":924.64},{"id":282,"name":"Lobster - Base","quantity":410,"code_value":"S12001D","is_published":true,"expiration":"21/03/2022","price":882.08},{"id":283,"name":"Soup - Campbells Beef Strogonoff","quantity":250,"code_value":"V960","is_published":true,"expiration":"22/03/2021","price":669.83},{"id":284,"name":"Tofu - Soft","quantity":492,"code_value":"S62166A","is_published":false,"expiration":"04/06/2021","price":847.36},{"id":285,"name":"Flower - Commercial Spider","quantity":108,"code_value":"S63409D","is_published":false,"expiration":"03/09/2021","price":672.31},{"id":286,"name":"Wine - White, Concha Y Toro","quantity":263,"code_value":"T507","is_published":true,"expiration":"01/04/2022","price":886.22},{"id":287,"name":"Chip - Potato Dill Pickle","quantity":289,"code_value":"M1104","is_published":true,"expiration":"24/08/2021","price":66.34},{"id":288,"name":"Wine - Pinot Grigio Collavini","quantity":269,"code_value":"T43615","is_published":true,"expiration":"07/01/2022","price":224.64},{"id":289,"name":"Bread - Hamburger Buns","quantity":385,"code_value":"X52XXXS","is_published":true,"expiration":"23/04/2021","price":978.85},{"id":290,"name":"Oil - Olive, Extra Virgin","quantity":246,"code_value":"V193XXD","is_published":true,"expiration":"31/08/2021","price":454.95},{"id":291,"name":"Barley - Pearl","quantity":327,"code_value":"S49131","is_published":false,"expiration":"11/11/2021","price":651.14},{"id":292,"name":"Lamb - Loin, Trimmed, Boneless","quantity":245,"code_value":"S82443K","is_published":false,"expiration":"23/08/2021","price":469.08},{"id":293,"name":"Bag Stand","quantity":88,"code_value":"S42009D","is_published":true,"expiration":"20/10/2021","price":345.71},{"id":294,"name":"Wine - Shiraz South Eastern","quantity":427,"code_value":"T464X5S","is_published":true,"expiration":"22/12/2021","price":729.01},{"id":295,"name":"Vermouth - Sweet, Cinzano","quantity":387,"code_value":"T473X4S","is_published":false,"expiration":"19/04/2022","price":772.99},{"id":296,"name":"Clams - Littleneck, Whole","quantity":466,"code_value":"L89144","is_published":false,"expiration":"23/05/2021","price":959.7},{"id":297,"name":"Ice Cream - Super Sandwich","quantity":335,"code_value":"T505X2A","is_published":true,"expiration":"02/03/2022","price":664.27},{"id":298,"name":"Onions - White","quantity":16,"code_value":"H02511","is_published":false,"expiration":"31/10/2021","price":825.12},{"id":299,"name":"Oil - Macadamia","quantity":216,"code_value":"T2014XD","is_published":false,"expiration":"31/03/2021","price":145.65},{"id":300,"name":"Milk - 1%","quantity":30,"code_value":"T85698A","is_published":false,"expiration":"14/03/2022","price":435.47},{"id":301,"name":"Pastry - Banana Tea Loaf","quantity":495,"code_value":"S82113A","is_published":true,"expiration":"01/04/2022","price":542.62},{"id":302,"name":"Pizza Pizza Dough","quantity":429,"code_value":"S82223K","is_published":false,"expiration":"14/05/2022","price":693.53},{"id":303,"name":"Energy Drink - Redbull 355ml","quantity":24,"code_value":"S42272S","is_published":false,"expiration":"20/01/2022","price":212.65},{"id":304,"name":"Strawberries - California","quantity":293,"code_value":"H26222","is_published":true,"expiration":"02/09/2021","price":295.69},{"id":305,"name":"Stainless Steel Cleaner Vision","quantity":11,"code_value":"S52256E","is_published":false,"expiration":"19/06/2021","price":115.8},{"id":306,"name":"Beef - Tenderloin - Aa","quantity":273,"code_value":"S83201","is_published":false,"expiration":"02/05/2022","price":217.26},{"id":307,"name":"Danishes - Mini Cheese","quantity":15,"code_value":"S72032N","is_published":true,"expiration":"16/04/2021","price":873.74},{"id":308,"name":"Truffle Cups - Red","quantity":375,"code_value":"M86239","is_published":true,"expiration":"03/05/2021","price":343.52},{"id":309,"name":"Containter - 3oz Microwave Rect.","quantity":243,"code_value":"V416XXD","is_published":false,"expiration":"19/01/2022","price":473.43},{"id":310,"name":"Appetizer - Shrimp Puff","quantity":176,"code_value":"V477","is_published":true,"expiration":"24/12/2021","price":192.37},{"id":311,"name":"Chicken - White Meat, No Tender","quantity":261,"code_value":"S3144XD","is_published":false,"expiration":"31/01/2022","price":920.86},{"id":312,"name":"Steel Wool S.o.s","quantity":37,"code_value":"S32019K","is_published":true,"expiration":"13/11/2021","price":187.8},{"id":313,"name":"Foam Cup 6 Oz","quantity":383,"code_value":"Q124","is_published":true,"expiration":"01/01/2022","price":607.19},{"id":314,"name":"Pork - Back Ribs","quantity":332,"code_value":"S20222D","is_published":true,"expiration":"25/05/2021","price":628.77},{"id":315,"name":"Wine - Gato Negro Cabernet","quantity":352,"code_value":"M24122","is_published":true,"expiration":"10/04/2022","price":674.44},{"id":316,"name":"Cake - Sheet Strawberry","quantity":50,"code_value":"S59011S","is_published":false,"expiration":"13/08/2021","price":26.66},{"id":317,"name":"Wine - Charddonnay Errazuriz","quantity":52,"code_value":"S243XXD","is_published":true,"expiration":"30/01/2022","price":643.55},{"id":318,"name":"Puree - Mocha","quantity":78,"code_value":"M36","is_published":true,"expiration":"21/05/2021","price":673.57},{"id":319,"name":"Lamb - Sausage Casings","quantity":20,"code_value":"S59149","is_published":false,"expiration":"26/03/2021","price":348.87},{"id":320,"name":"Sword Pick Asst","quantity":344,"code_value":"S5702XA","is_published":true,"expiration":"28/06/2021","price":556.91},{"id":321,"name":"Nectarines","quantity":104,"code_value":"S42134S","is_published":true,"expiration":"19/03/2022","price":504.51},{"id":322,"name":"Duck - Fat","quantity":241,"code_value":"H052","is_published":true,"expiration":"21/03/2021","price":266.28},{"id":323,"name":"C - Plus, Orange","quantity":205,"code_value":"T20711S","is_published":false,"expiration":"20/06/2021","price":968.98},{"id":324,"name":"Petit Baguette","quantity":398,"code_value":"D383","is_published":false,"expiration":"22/04/2021","price":125.51},{"id":325,"name":"Salmon - Atlantic, No Skin","quantity":373,"code_value":"S62627P","is_published":false,"expiration":"16/05/2021","price":803.8},{"id":326,"name":"Limes","quantity":38,"code_value":"S43316D","is_published":false,"expiration":"11/03/2022","price":719.56},{"id":327,"name":"Aspic - Amber","quantity":160,"code_value":"S39001","is_published":false,"expiration":"23/09/2021","price":125.72},{"id":328,"name":"Cabbage Roll","quantity":450,"code_value":"T2030XS","is_published":false,"expiration":"19/06/2021","price":820.79},{"id":329,"name":"Corn Kernels - Frozen","quantity":446,"code_value":"T24601","is_published":false,"expiration":"08/02/2022","price":597.85},{"id":330,"name":"Nantucket - Carrot Orange","quantity":338,"code_value":"T63594S","is_published":true,"expiration":"05/12/2021","price":882.32},{"id":331,"name":"Bread - Frozen Basket Variety","quantity":129,"code_value":"V8032XS","is_published":true,"expiration":"16/11/2021","price":408.3},{"id":332,"name":"Broccoli - Fresh","quantity":155,"code_value":"C50122","is_published":true,"expiration":"11/01/2022","price":209.55},{"id":333,"name":"Shortbread - Cookie Crumbs","quantity":495,"code_value":"M80022S","is_published":false,"expiration":"12/07/2021","price":185.61},{"id":334,"name":"Coriander - Ground","quantity":299,"code_value":"S93119A","is_published":true,"expiration":"03/02/2022","price":969.8},{"id":335,"name":"Sauce - Plum","quantity":130,"code_value":"S82222Q","is_published":true,"expiration":"30/11/2021","price":818.14},{"id":336,"name":"Syrup - Monin - Passion Fruit","quantity":56,"code_value":"S62352","is_published":false,"expiration":"07/07/2021","price":547.1},{"id":337,"name":"Coconut - Shredded, Sweet","quantity":469,"code_value":"S4441","is_published":false,"expiration":"16/08/2021","price":229.64},{"id":338,"name":"Lamb - Shoulder, Boneless","quantity":343,"code_value":"T463X2D","is_published":false,"expiration":"10/05/2021","price":140.23},{"id":339,"name":"Anchovy Paste - 56 G Tube","quantity":58,"code_value":"H11421","is_published":true,"expiration":"28/05/2021","price":148.46},{"id":340,"name":"Bar Special K","quantity":330,"code_value":"V310XXD","is_published":false,"expiration":"23/10/2021","price":391.4},{"id":341,"name":"Coffee - Cafe Moreno","quantity":218,"code_value":"M60004","is_published":true,"expiration":"03/02/2022","price":411.72},{"id":342,"name":"Flavouring - Orange","quantity":186,"code_value":"M1A249","is_published":true,"expiration":"09/09/2021","price":24.33},{"id":343,"name":"Nantucket Apple Juice","quantity":145,"code_value":"X378","is_published":false,"expiration":"24/04/2022","price":30.43},{"id":344,"name":"Dr. Pepper - 355ml","quantity":90,"code_value":"T8543XA","is_published":true,"expiration":"30/10/2021","price":677.94},{"id":345,"name":"Barramundi","quantity":271,"code_value":"S62308K","is_published":true,"expiration":"22/03/2022","price":232.16},{"id":346,"name":"Flour - Bran, Red","quantity":452,"code_value":"S93304S","is_published":true,"expiration":"08/04/2021","price":990.64},{"id":347,"name":"Sauce - Oyster","quantity":342,"code_value":"M84472","is_published":false,"expiration":"22/01/2022","price":103.21},{"id":348,"name":"Cookie Dough - Chocolate Chip","quantity":197,"code_value":"O9212","is_published":true,"expiration":"03/09/2021","price":787.35},{"id":349,"name":"Peach - Halves","quantity":119,"code_value":"T46905D","is_published":false,"expiration":"13/12/2021","price":444.41},{"id":350,"name":"Tea - Vanilla Chai","quantity":493,"code_value":"S72435R","is_published":false,"expiration":"07/02/2022","price":826.15},{"id":351,"name":"Crab - Dungeness, Whole, live","quantity":361,"code_value":"S92404P","is_published":true,"expiration":"07/03/2022","price":49.72},{"id":352,"name":"Wine - Chablis J Moreau Et Fils","quantity":367,"code_value":"O360124","is_published":false,"expiration":"15/12/2021","price":334.22},{"id":353,"name":"Soap - Mr.clean Floor Soap","quantity":419,"code_value":"S21409","is_published":false,"expiration":"15/06/2021","price":531.86},{"id":354,"name":"Cheese - Asiago","quantity":163,"code_value":"S36031S","is_published":true,"expiration":"04/12/2021","price":814.08},{"id":355,"name":"Coffee - Irish Cream","quantity":330,"code_value":"S82872S","is_published":true,"expiration":"31/07/2021","price":780.92},{"id":356,"name":"Tray - Foam, Square 4 - S","quantity":329,"code_value":"S7292XE","is_published":false,"expiration":"29/06/2021","price":233.83},{"id":357,"name":"Salmon - Atlantic, Fresh, Whole","quantity":52,"code_value":"S92116G","is_published":true,"expiration":"02/07/2021","price":868.76},{"id":358,"name":"Juice - Pineapple, 48 Oz","quantity":116,"code_value":"E3611","is_published":true,"expiration":"02/10/2021","price":733.51},{"id":359,"name":"Split Peas - Yellow, Dry","quantity":135,"code_value":"S30863","is_published":true,"expiration":"11/04/2022","price":316.94},{"id":360,"name":"Chicken Thigh - Bone Out","quantity":408,"code_value":"T85611S","is_published":true,"expiration":"12/10/2021","price":461.88},{"id":361,"name":"Dc - Frozen Momji","quantity":231,"code_value":"S7620","is_published":false,"expiration":"04/09/2021","price":331},{"id":362,"name":"Rice Wine - Aji Mirin","quantity":236,"code_value":"M7700","is_published":true,"expiration":"30/01/2022","price":94.45},{"id":363,"name":"Tea - Orange Pekoe","quantity":228,"code_value":"T465X6A","is_published":false,"expiration":"02/12/2021","price":65.15},{"id":364,"name":"Parasol Pick Stir Stick","quantity":112,"code_value":"T82593S","is_published":true,"expiration":"02/05/2021","price":849.53},{"id":365,"name":"Sesame Seed","quantity":243,"code_value":"X0811","is_published":false,"expiration":"23/12/2021","price":289.82},{"id":366,"name":"Wine La Vielle Ferme Cote Du","quantity":153,"code_value":"S60869A","is_published":false,"expiration":"16/08/2021","price":777.42},{"id":367,"name":"Wild Boar - Tenderloin","quantity":363,"code_value":"S42154K","is_published":false,"expiration":"23/06/2021","price":418.68},{"id":368,"name":"Yeast Dry - Fleischman","quantity":357,"code_value":"S02111A","is_published":true,"expiration":"28/01/2022","price":840.74},{"id":369,"name":"Juice - Apple, 341 Ml","quantity":277,"code_value":"S66597D","is_published":true,"expiration":"07/08/2021","price":287.33},{"id":370,"name":"Chocolate Liqueur - Godet White","quantity":114,"code_value":"S82443J","is_published":false,"expiration":"22/08/2021","price":415.07},{"id":371,"name":"Dates","quantity":23,"code_value":"E7521","is_published":true,"expiration":"26/03/2021","price":622.7},{"id":372,"name":"Lemon Tarts","quantity":28,"code_value":"H02403","is_published":true,"expiration":"02/12/2021","price":449.42},{"id":373,"name":"Flavouring Vanilla Artificial","quantity":128,"code_value":"S82841H","is_published":true,"expiration":"12/06/2021","price":92.69},{"id":374,"name":"Appetizer - Assorted Box","quantity":111,"code_value":"S60012","is_published":true,"expiration":"15/05/2021","price":268},{"id":375,"name":"Lid - 3oz Med Rec","quantity":78,"code_value":"S99091B","is_published":false,"expiration":"29/03/2021","price":476.33},{"id":376,"name":"Wine - Magnotta - Pinot Gris Sr","quantity":77,"code_value":"T2014XA","is_published":true,"expiration":"25/08/2021","price":741.63},{"id":377,"name":"Garbage Bags - Black","quantity":395,"code_value":"S65109A","is_published":true,"expiration":"04/06/2021","price":442.74},{"id":378,"name":"Wine - White, Concha Y Toro","quantity":21,"code_value":"G575","is_published":true,"expiration":"04/05/2022","price":258.26},{"id":379,"name":"Cheese - Havarti, Roasted Garlic","quantity":411,"code_value":"S42366A","is_published":true,"expiration":"07/09/2021","price":485.08},{"id":380,"name":"Bar Energy Chocchip","quantity":348,"code_value":"S86999","is_published":false,"expiration":"17/07/2021","price":651.58},{"id":381,"name":"Sea Bass - Fillets","quantity":301,"code_value":"S21421D","is_published":false,"expiration":"29/09/2021","price":496.6},{"id":382,"name":"Snapple Lemon Tea","quantity":345,"code_value":"T562X1A","is_published":true,"expiration":"26/05/2021","price":788.21},{"id":383,"name":"Lamb Leg - Bone - In Nz","quantity":434,"code_value":"O3462","is_published":false,"expiration":"29/08/2021","price":31.92},{"id":384,"name":"Skirt - 24 Foot","quantity":104,"code_value":"S00202D","is_published":false,"expiration":"02/04/2022","price":483.14},{"id":385,"name":"Fib N9 - Prague Powder","quantity":111,"code_value":"Y36271","is_published":true,"expiration":"14/05/2022","price":168.29},{"id":386,"name":"Honey - Liquid","quantity":494,"code_value":"S72031C","is_published":true,"expiration":"31/12/2021","price":786.26},{"id":387,"name":"Sugar - Cubes","quantity":37,"code_value":"S63415D","is_published":false,"expiration":"24/04/2021","price":324.76},{"id":388,"name":"Puree - Strawberry","quantity":270,"code_value":"M66279","is_published":false,"expiration":"30/03/2022","price":768.68},{"id":389,"name":"Soup - Beef Conomme, Dry","quantity":207,"code_value":"C5021","is_published":false,"expiration":"16/07/2021","price":673.51},{"id":390,"name":"Pastry - French Mini Assorted","quantity":495,"code_value":"S89132D","is_published":true,"expiration":"05/05/2022","price":267.83},{"id":391,"name":"Bok Choy - Baby","quantity":76,"code_value":"T859XXD","is_published":true,"expiration":"31/05/2021","price":264.53},{"id":392,"name":"Appetizer - Assorted Box","quantity":450,"code_value":"S82899D","is_published":false,"expiration":"03/06/2021","price":177.39},{"id":393,"name":"Quail - Eggs, Fresh","quantity":202,"code_value":"M84549D","is_published":true,"expiration":"13/02/2022","price":332.82},{"id":394,"name":"Smoked Paprika","quantity":225,"code_value":"Q86","is_published":false,"expiration":"12/09/2021","price":919.04},{"id":395,"name":"Bread - Calabrese Baguette","quantity":353,"code_value":"T426X1A","is_published":true,"expiration":"27/08/2021","price":234.44},{"id":396,"name":"Sauce - Marinara","quantity":121,"code_value":"O34212","is_published":true,"expiration":"23/12/2021","price":736.79},{"id":397,"name":"Coffee - Hazelnut Cream","quantity":334,"code_value":"S62300A","is_published":false,"expiration":"17/07/2021","price":682.38},{"id":398,"name":"Muffin Mix - Oatmeal","quantity":450,"code_value":"S72424R","is_published":false,"expiration":"15/01/2022","price":803.19},{"id":399,"name":"Laundry - Bag Cloth","quantity":243,"code_value":"M00812","is_published":true,"expiration":"21/04/2021","price":732.55},{"id":400,"name":"Broom And Brush Rack Black","quantity":19,"code_value":"R130","is_published":false,"expiration":"16/11/2021","price":395.5},{"id":401,"name":"Lemonade - Natural, 591 Ml","quantity":62,"code_value":"S85141D","is_published":true,"expiration":"11/06/2021","price":468.49},{"id":402,"name":"Cookie Choc","quantity":487,"code_value":"M538","is_published":true,"expiration":"15/03/2021","price":29.39},{"id":403,"name":"Herb Du Provence - Primerba","quantity":454,"code_value":"O42012","is_published":true,"expiration":"26/02/2022","price":130.11},{"id":404,"name":"Bowl 12 Oz - Showcase 92012","quantity":108,"code_value":"S72065R","is_published":true,"expiration":"08/12/2021","price":587.47},{"id":405,"name":"Mushroom - Chanterelle Frozen","quantity":199,"code_value":"M87839","is_published":true,"expiration":"14/11/2021","price":52.85},{"id":406,"name":"Table Cloth 62x114 Colour","quantity":478,"code_value":"V9500XD","is_published":true,"expiration":"09/11/2021","price":626.55},{"id":407,"name":"Creme De Menthe Green","quantity":265,"code_value":"S66599S","is_published":false,"expiration":"14/04/2022","price":875.21},{"id":408,"name":"Tomato - Peeled Italian Canned","quantity":85,"code_value":"T567X4S","is_published":true,"expiration":"23/04/2022","price":23.25},{"id":409,"name":"Pork - Sausage Casing","quantity":358,"code_value":"H70001","is_published":false,"expiration":"18/08/2021","price":669.9},{"id":410,"name":"Milk - Homo","quantity":393,"code_value":"S62359B","is_published":false,"expiration":"05/01/2022","price":805.07},{"id":411,"name":"Zucchini - Mini, Green","quantity":319,"code_value":"R9342","is_published":true,"expiration":"04/11/2021","price":645.89},{"id":412,"name":"Mushroom - Oyster, Fresh","quantity":238,"code_value":"N46124","is_published":false,"expiration":"15/04/2021","price":634.41},{"id":413,"name":"Carrots - Jumbo","quantity":69,"code_value":"S22040","is_published":false,"expiration":"01/11/2021","price":439.07},{"id":414,"name":"Wine - Cotes Du Rhone","quantity":167,"code_value":"S15309S","is_published":false,"expiration":"03/05/2022","price":275.7},{"id":415,"name":"Carbonated Water - Cherry","quantity":281,"code_value":"H44721","is_published":true,"expiration":"17/02/2022","price":226.79},{"id":416,"name":"Rum - Mount Gay Eclipes","quantity":382,"code_value":"T3991XD","is_published":false,"expiration":"25/05/2021","price":652.52},{"id":417,"name":"Wine - Red, Cabernet Sauvignon","quantity":293,"code_value":"T424X1S","is_published":false,"expiration":"17/04/2021","price":951.86},{"id":418,"name":"Pineapple - Golden","quantity":336,"code_value":"V9219XA","is_published":true,"expiration":"03/04/2021","price":483.35},{"id":419,"name":"Soup - Campbells Beef Strogonoff","quantity":420,"code_value":"T23529S","is_published":true,"expiration":"27/03/2022","price":254.08},{"id":420,"name":"Lid - 0090 Clear","quantity":308,"code_value":"X088","is_published":true,"expiration":"02/10/2021","price":665.95},{"id":421,"name":"Melon - Honey Dew","quantity":481,"code_value":"T345","is_published":false,"expiration":"13/05/2021","price":411.29},{"id":422,"name":"Muffin Mix - Carrot","quantity":299,"code_value":"T82855A","is_published":true,"expiration":"19/04/2022","price":471.93},{"id":423,"name":"Olives - Nicoise","quantity":182,"code_value":"Z96641","is_published":true,"expiration":"04/12/2021","price":595.57},{"id":424,"name":"Alize Red Passion","quantity":343,"code_value":"S20421A","is_published":false,"expiration":"11/11/2021","price":963.02},{"id":425,"name":"Nantucket - 518ml","quantity":483,"code_value":"S72123S","is_published":false,"expiration":"30/03/2022","price":967.38},{"id":426,"name":"Beef Tenderloin Aaa","quantity":151,"code_value":"S42442A","is_published":false,"expiration":"16/11/2021","price":943.65},{"id":427,"name":"Beans - Fava, Canned","quantity":208,"code_value":"S0120XA","is_published":true,"expiration":"02/07/2021","price":846.38},{"id":428,"name":"Pickles - Gherkins","quantity":172,"code_value":"Z044","is_published":true,"expiration":"04/05/2022","price":590.04},{"id":429,"name":"Wine - Coteaux Du Tricastin Ac","quantity":373,"code_value":"T2602","is_published":true,"expiration":"09/03/2022","price":82.13},{"id":430,"name":"Wine - Barbera Alba Doc 2001","quantity":219,"code_value":"Z7901","is_published":true,"expiration":"26/02/2022","price":570.67},{"id":431,"name":"Cocktail Napkin Blue","quantity":250,"code_value":"S82266C","is_published":false,"expiration":"28/06/2021","price":708.97},{"id":432,"name":"General Purpose Trigger","quantity":462,"code_value":"S83412D","is_published":true,"expiration":"13/03/2022","price":898.54},{"id":433,"name":"Coffee - Espresso","quantity":160,"code_value":"S65899","is_published":false,"expiration":"11/08/2021","price":28.77},{"id":434,"name":"Miso Paste White","quantity":277,"code_value":"S82424M","is_published":false,"expiration":"03/07/2021","price":144.76},{"id":435,"name":"Apple - Delicious, Red","quantity":166,"code_value":"S56002S","is_published":true,"expiration":"15/02/2022","price":253.23},{"id":436,"name":"Ecolab - Medallion","quantity":65,"code_value":"S45811","is_published":false,"expiration":"01/11/2021","price":869.48},{"id":437,"name":"Otomegusa Dashi Konbu","quantity":437,"code_value":"V393XXS","is_published":true,"expiration":"21/05/2021","price":239.53},{"id":438,"name":"Chinese Foods - Pepper Beef","quantity":409,"code_value":"S22001D","is_published":true,"expiration":"12/04/2021","price":155.34},{"id":439,"name":"Pasta - Tortellini, Fresh","quantity":93,"code_value":"S50379D","is_published":false,"expiration":"07/09/2021","price":316.77},{"id":440,"name":"Ecolab - Orange Frc, Cleaner","quantity":240,"code_value":"N403","is_published":true,"expiration":"22/09/2021","price":72.88},{"id":441,"name":"Cactus Pads","quantity":302,"code_value":"B528","is_published":false,"expiration":"10/07/2021","price":244.28},{"id":442,"name":"Milk - Chocolate 250 Ml","quantity":344,"code_value":"S66021S","is_published":true,"expiration":"23/09/2021","price":679},{"id":443,"name":"Muffin Batt - Ban Dream Zero","quantity":315,"code_value":"S32020S","is_published":true,"expiration":"10/04/2022","price":850.54},{"id":444,"name":"Wine - White, Colubia Cresh","quantity":242,"code_value":"S2020XS","is_published":true,"expiration":"21/04/2021","price":46.68},{"id":445,"name":"Plasticknivesblack","quantity":327,"code_value":"S92066","is_published":true,"expiration":"19/11/2021","price":879.34},{"id":446,"name":"Beef - Rouladin, Sliced","quantity":465,"code_value":"S3742","is_published":false,"expiration":"30/06/2021","price":129.5},{"id":447,"name":"Olives - Kalamata","quantity":319,"code_value":"T23119A","is_published":true,"expiration":"16/02/2022","price":865},{"id":448,"name":"Crush - Orange, 355ml","quantity":262,"code_value":"T632X4","is_published":true,"expiration":"20/02/2022","price":225.38},{"id":449,"name":"Peach - Halves","quantity":81,"code_value":"T39011","is_published":true,"expiration":"10/02/2022","price":203.05},{"id":450,"name":"Sugar - Cubes","quantity":252,"code_value":"S52363Q","is_published":true,"expiration":"26/05/2021","price":349.12},{"id":451,"name":"Sauce - Caesar Dressing","quantity":233,"code_value":"L738","is_published":true,"expiration":"06/11/2021","price":720.64},{"id":452,"name":"Pears - Bartlett","quantity":65,"code_value":"M4857XA","is_published":false,"expiration":"14/04/2021","price":310.42},{"id":453,"name":"Sage Ground Wiberg","quantity":50,"code_value":"S52266","is_published":false,"expiration":"12/05/2022","price":663.29},{"id":454,"name":"Steam Pan Full Lid","quantity":150,"code_value":"S56423D","is_published":true,"expiration":"06/02/2022","price":517.77},{"id":455,"name":"Mints - Striped Red","quantity":295,"code_value":"S45102","is_published":false,"expiration":"17/03/2022","price":402.1},{"id":456,"name":"Ham Black Forest","quantity":366,"code_value":"S53131A","is_published":true,"expiration":"04/05/2022","price":963.69},{"id":457,"name":"Crab - Dungeness, Whole, live","quantity":383,"code_value":"H25013","is_published":false,"expiration":"04/06/2021","price":37.21},{"id":458,"name":"Couscous","quantity":225,"code_value":"Y30XXXS","is_published":false,"expiration":"19/12/2021","price":408.66},{"id":459,"name":"Wine - Placido Pinot Grigo","quantity":177,"code_value":"H20821","is_published":true,"expiration":"25/08/2021","price":130.19},{"id":460,"name":"Towel Dispenser","quantity":268,"code_value":"S82421Q","is_published":true,"expiration":"07/05/2021","price":191.48},{"id":461,"name":"Lamb - Shoulder","quantity":477,"code_value":"E7139","is_published":true,"expiration":"12/07/2021","price":660.29},{"id":462,"name":"Table Cloth 91x91 Colour","quantity":46,"code_value":"V893XXD","is_published":false,"expiration":"23/02/2022","price":66.44},{"id":463,"name":"Oats Large Flake","quantity":70,"code_value":"S63266S","is_published":false,"expiration":"22/03/2022","price":94.68},{"id":464,"name":"Cheese - Mozzarella, Shredded","quantity":303,"code_value":"F14280","is_published":true,"expiration":"29/07/2021","price":286.32},{"id":465,"name":"Wine - Touraine Azay - Le - Rideau","quantity":12,"code_value":"H0220","is_published":false,"expiration":"08/08/2021","price":762.5},{"id":466,"name":"Relish","quantity":83,"code_value":"M84343P","is_published":false,"expiration":"25/06/2021","price":476.69},{"id":467,"name":"Sea Bass - Whole","quantity":111,"code_value":"T466X3D","is_published":false,"expiration":"21/03/2021","price":264.81},{"id":468,"name":"Transfer Sheets","quantity":28,"code_value":"S42402S","is_published":true,"expiration":"30/04/2022","price":474.01},{"id":469,"name":"Sugar - Brown, Individual","quantity":466,"code_value":"M7511","is_published":true,"expiration":"30/06/2021","price":132.58},{"id":470,"name":"Wasabi Paste","quantity":442,"code_value":"C8102","is_published":false,"expiration":"04/06/2021","price":718},{"id":471,"name":"Barley - Pearl","quantity":133,"code_value":"I87301","is_published":false,"expiration":"27/02/2022","price":672.29},{"id":472,"name":"Chocolate - Dark","quantity":20,"code_value":"S82399Q","is_published":false,"expiration":"05/04/2022","price":741.77},{"id":473,"name":"Cake - Miini Cheesecake Cherry","quantity":35,"code_value":"S02110A","is_published":false,"expiration":"18/06/2021","price":388.08},{"id":474,"name":"Beer - Maudite","quantity":23,"code_value":"H40113","is_published":true,"expiration":"29/01/2022","price":736.56},{"id":475,"name":"Munchies Honey Sweet Trail Mix","quantity":189,"code_value":"H1823","is_published":true,"expiration":"05/05/2022","price":111.24},{"id":476,"name":"Beef - Cooked, Corned","quantity":170,"code_value":"S41122A","is_published":false,"expiration":"16/02/2022","price":755.02},{"id":477,"name":"Wine - Chateauneuf Du Pape","quantity":182,"code_value":"M321","is_published":true,"expiration":"23/05/2021","price":951.87},{"id":478,"name":"Chocolate - Semi Sweet","quantity":44,"code_value":"H33193","is_published":true,"expiration":"25/11/2021","price":203.62},{"id":479,"name":"Plaintain","quantity":416,"code_value":"S66229A","is_published":true,"expiration":"07/01/2022","price":804.33},{"id":480,"name":"Pasta - Angel Hair","quantity":160,"code_value":"M1A0420","is_published":true,"expiration":"26/12/2021","price":518.43},{"id":481,"name":"Wine - Chablis J Moreau Et Fils","quantity":153,"code_value":"O2203","is_published":false,"expiration":"07/02/2022","price":948.68},{"id":482,"name":"Lumpfish Black","quantity":314,"code_value":"M84634","is_published":false,"expiration":"16/11/2021","price":71.75},{"id":483,"name":"Soup - Campbells Bean Medley","quantity":96,"code_value":"S76819","is_published":false,"expiration":"10/05/2021","price":68.13},{"id":484,"name":"The Pop Shoppe - Cream Soda","quantity":170,"code_value":"W5651XS","is_published":true,"expiration":"27/12/2021","price":84.17},{"id":485,"name":"Sour Puss Sour Apple","quantity":100,"code_value":"S42225P","is_published":true,"expiration":"10/07/2021","price":921.7},{"id":486,"name":"Table Cloth - 53x69 Colour","quantity":188,"code_value":"S89049S","is_published":false,"expiration":"09/12/2021","price":997.88},{"id":487,"name":"Tarragon - Fresh","quantity":92,"code_value":"S37819S","is_published":false,"expiration":"11/11/2021","price":960.13},{"id":488,"name":"Napkin White - Starched","quantity":449,"code_value":"T43693S","is_published":false,"expiration":"22/04/2022","price":355.67},{"id":489,"name":"Pasta - Rotini, Colour, Dry","quantity":197,"code_value":"Z192","is_published":true,"expiration":"19/03/2022","price":507.24},{"id":490,"name":"V8 - Tropical Blend","quantity":447,"code_value":"T23321A","is_published":true,"expiration":"24/08/2021","price":561.34},{"id":491,"name":"Wine - Clavet Saint Emilion","quantity":402,"code_value":"T484X4","is_published":true,"expiration":"18/04/2022","price":723.76},{"id":492,"name":"Scallops - 10/20","quantity":51,"code_value":"M0603","is_published":true,"expiration":"26/05/2021","price":841.57},{"id":493,"name":"Wine - Toasted Head","quantity":103,"code_value":"S62015K","is_published":false,"expiration":"08/10/2021","price":814.16},{"id":494,"name":"Chicken - Wings, Tip Off","quantity":247,"code_value":"M4315","is_published":false,"expiration":"20/01/2022","price":263.22},{"id":495,"name":"Bread - Wheat Baguette","quantity":82,"code_value":"T7622XA","is_published":false,"expiration":"17/05/2021","price":95.79},{"id":496,"name":"Anchovy In Oil","quantity":115,"code_value":"S61226","is_published":true,"expiration":"28/04/2022","price":753.25},{"id":497,"name":"Fib N9 - Prague Powder","quantity":193,"code_value":"O149","is_published":true,"expiration":"04/03/2022","price":544.72},{"id":498,"name":"Appetizer - Smoked Salmon / Dill","quantity":396,"code_value":"Y271XXA","is_published":false,"expiration":"30/05/2021","price":791.31},{"id":499,"name":"Bread Base - Toscano","quantity":212,"code_value":"S62624A","is_published":true,"expiration":"22/07/2021","price":536.9}]